/*
MySQL Data Transfer
Source Host: localhost
Source Database: bihforum
Target Host: localhost
Target Database: bihforum
Date: 3/7/2012 6:58:02 AM
*/

SET FOREIGN_KEY_CHECKS=0;
-- ----------------------------
-- Table structure for forum_conferences
-- ----------------------------
CREATE TABLE `forum_conferences` (
  `Id` varchar(35) NOT NULL default '',
  `name` varchar(255) NOT NULL default '',
  `description` varchar(255) NOT NULL default '',
  `active` tinyint(1) default NULL,
  `messages` int(11) default NULL,
  `lastpost` varchar(35) default NULL,
  `lastpostuseridfk` varchar(35) default NULL,
  `lastpostcreated` timestamp NULL default NULL,
  PRIMARY KEY  (`Id`)
) ENGINE=MyISAM DEFAULT CHARSET=latin1;

-- ----------------------------
-- Table structure for forum_forums
-- ----------------------------
CREATE TABLE `forum_forums` (
  `id` varchar(35) NOT NULL default '',
  `name` varchar(255) NOT NULL default '',
  `description` varchar(255) NOT NULL default '',
  `active` tinyint(1) NOT NULL default '0',
  `attachments` tinyint(1) NOT NULL default '0',
  `conferenceidfk` varchar(35) NOT NULL default '',
  `messages` int(11) default NULL,
  `lastpost` varchar(35) default NULL,
  `lastpostuseridfk` varchar(35) default NULL,
  `lastpostcreated` timestamp NULL default NULL,
  `rank` int(11) default NULL,
  PRIMARY KEY  (`id`),
  KEY `forum_forums_conferenceidfk` (`conferenceidfk`)
) ENGINE=MyISAM DEFAULT CHARSET=latin1;

-- ----------------------------
-- Table structure for forum_groups
-- ----------------------------
CREATE TABLE `forum_groups` (
  `Id` varchar(35) NOT NULL default '',
  `group` varchar(50) NOT NULL default '',
  PRIMARY KEY  (`Id`)
) ENGINE=MyISAM DEFAULT CHARSET=latin1;

-- ----------------------------
-- Table structure for forum_messages
-- ----------------------------
CREATE TABLE `forum_messages` (
  `Id` varchar(35) NOT NULL default '',
  `title` varchar(255) NOT NULL default '',
  `body` text NOT NULL,
  `posted` datetime NOT NULL default '0000-00-00 00:00:00',
  `updated` datetime default NULL,
  `updatedby` varchar(20) NOT NULL default '',
  `useridfk` varchar(35) NOT NULL default '',
  `threadidfk` varchar(35) NOT NULL default '',
  `attachment` varchar(255) NOT NULL default '',
  `filename` varchar(255) NOT NULL default '',
  `deleteid` varchar(35) default '',
  PRIMARY KEY  (`Id`),
  KEY `forum_messages_useridfk` (`useridfk`),
  KEY `forum_messages_threadidfk` (`threadidfk`)
) ENGINE=MyISAM DEFAULT CHARSET=latin1;

-- ----------------------------
-- Table structure for forum_permissions
-- ----------------------------
CREATE TABLE `forum_permissions` (
  `id` varchar(35) NOT NULL,
  `rightidfk` varchar(35) NOT NULL,
  `resourceidfk` varchar(35) NOT NULL,
  `groupidfk` varchar(35) default NULL,
  PRIMARY KEY  (`id`)
) ENGINE=MyISAM DEFAULT CHARSET=utf8;

-- ----------------------------
-- Table structure for forum_privatemessages
-- ----------------------------
CREATE TABLE `forum_privatemessages` (
  `Id` varchar(35) NOT NULL default '',
  `fromuseridfk` varchar(35) NOT NULL default '',
  `touseridfk` varchar(35) NOT NULL default '',
  `sent` datetime NOT NULL default '0000-00-00 00:00:00',
  `body` text NOT NULL,
  `subject` varchar(255) NOT NULL default '',
  `unread` tinyint(1) NOT NULL default '0',
  PRIMARY KEY  (`Id`)
) ENGINE=MyISAM DEFAULT CHARSET=latin1;

-- ----------------------------
-- Table structure for forum_ranks
-- ----------------------------
CREATE TABLE `forum_ranks` (
  `Id` varchar(35) NOT NULL default '',
  `name` varchar(50) NOT NULL default '',
  `minposts` int(11) NOT NULL default '0',
  PRIMARY KEY  (`Id`)
) ENGINE=MyISAM DEFAULT CHARSET=latin1;

-- ----------------------------
-- Table structure for forum_rights
-- ----------------------------
CREATE TABLE `forum_rights` (
  `id` varchar(35) NOT NULL,
  `right` varchar(255) NOT NULL,
  PRIMARY KEY  (`id`)
) ENGINE=MyISAM DEFAULT CHARSET=utf8;

-- ----------------------------
-- Table structure for forum_search_log
-- ----------------------------
CREATE TABLE `forum_search_log` (
  `searchterms` varchar(255) NOT NULL default '',
  `datesearched` datetime NOT NULL default '0000-00-00 00:00:00'
) ENGINE=MyISAM DEFAULT CHARSET=latin1;

-- ----------------------------
-- Table structure for forum_subscriptions
-- ----------------------------
CREATE TABLE `forum_subscriptions` (
  `Id` varchar(35) NOT NULL default '',
  `useridfk` varchar(35) default NULL,
  `threadidfk` varchar(35) default NULL,
  `forumidfk` varchar(35) default NULL,
  `conferenceidfk` varchar(35) default NULL,
  PRIMARY KEY  (`Id`),
  KEY `forum_subscriptions_useridfk` (`useridfk`),
  KEY `forum_subscriptions_threadidfk` (`threadidfk`),
  KEY `forum_subscriptions_forumidfk` (`forumidfk`),
  KEY `forum_subscriptions_conferenceidfk` (`conferenceidfk`)
) ENGINE=MyISAM DEFAULT CHARSET=latin1;

-- ----------------------------
-- Table structure for forum_threads
-- ----------------------------
CREATE TABLE `forum_threads` (
  `Id` varchar(35) NOT NULL default '',
  `name` varchar(255) NOT NULL default '',
  `active` tinyint(1) NOT NULL default '0',
  `useridfk` varchar(35) NOT NULL default '',
  `forumidfk` varchar(35) NOT NULL default '',
  `datecreated` datetime NOT NULL default '0000-00-00 00:00:00',
  `sticky` tinyint(1) NOT NULL default '0',
  `messages` int(11) default NULL,
  `lastpostuseridfk` varchar(35) default NULL,
  `lastpostcreated` timestamp NULL default NULL,
  PRIMARY KEY  (`Id`),
  KEY `forum_threads_useridfk` (`useridfk`),
  KEY `forum_threads_forumidfk` (`forumidfk`)
) ENGINE=MyISAM DEFAULT CHARSET=latin1;

-- ----------------------------
-- Table structure for forum_users
-- ----------------------------
CREATE TABLE `forum_users` (
  `Id` varchar(35) NOT NULL default '',
  `username` varchar(50) NOT NULL default '',
  `password` varchar(50) NOT NULL default '',
  `emailaddress` varchar(255) NOT NULL default '',
  `signature` text NOT NULL,
  `datecreated` datetime NOT NULL default '0000-00-00 00:00:00',
  `confirmed` tinyint(1) NOT NULL default '0',
  `avatar` varchar(255) default NULL,
  PRIMARY KEY  (`Id`)
) ENGINE=MyISAM DEFAULT CHARSET=latin1;

-- ----------------------------
-- Table structure for forum_users_groups
-- ----------------------------
CREATE TABLE `forum_users_groups` (
  `useridfk` varchar(35) NOT NULL default '',
  `groupidfk` varchar(35) NOT NULL default ''
) ENGINE=MyISAM DEFAULT CHARSET=latin1;

-- ----------------------------
-- Records 
-- ----------------------------
INSERT INTO `forum_conferences` VALUES ('ECB9ECD8-0353-0CB4-A3442B06553ED4FF', 'BeerInHand Forums', 'Welcome to the BeerInHand Forums!', '1', '3', 'FAF1705C-D678-4832-328C45DA890AB047', 'C41F2092-C251-86FE-56A2A7C27B02CC13', '2012-03-01 20:30:10');
INSERT INTO `forum_forums` VALUES ('ED26E68C-DE04-8BF8-7B0D59C59E40296D', 'The Brewer\'s Apprentice', 'Hand holding for the novice brewer.', '1', '1', 'ECB9ECD8-0353-0CB4-A3442B06553ED4FF', '3', 'FAF1705C-D678-4832-328C45DA890AB047', 'C41F2092-C251-86FE-56A2A7C27B02CC13', '2012-03-01 20:30:10', '100');
INSERT INTO `forum_forums` VALUES ('ED32E09A-B3C0-D687-B2B5B5AC65FE5909', 'Mashing', 'Discussions related to the mashing of malt.', '1', '0', 'ECB9ECD8-0353-0CB4-A3442B06553ED4FF', '0', null, null, null, '200');
INSERT INTO `forum_forums` VALUES ('ED7E3F46-DD8E-871F-4F32B10E3C0CC5D3', 'Boiling', 'Discussions related to wort boiling process.', '1', '0', 'ECB9ECD8-0353-0CB4-A3442B06553ED4FF', '0', null, null, null, '300');
INSERT INTO `forum_forums` VALUES ('EF3A5273-EFC3-8D0E-174F385303E377D3', 'Chilling', 'Discussions related to the wort chilling process.', '1', '0', 'ECB9ECD8-0353-0CB4-A3442B06553ED4FF', '0', null, null, null, '400');
INSERT INTO `forum_forums` VALUES ('EFBC7158-CE90-88A5-42ED1794F5FB074B', 'Fermentation', 'Discussions related to the fermentation of beer.', '1', '0', 'ECB9ECD8-0353-0CB4-A3442B06553ED4FF', '0', null, null, null, '500');
INSERT INTO `forum_forums` VALUES ('EFCCB843-0C51-094B-17EC83E736DAF34F', 'Bottling', 'Discussions related to the bottling of beer.', '1', '0', 'ECB9ECD8-0353-0CB4-A3442B06553ED4FF', '0', null, null, null, '600');
INSERT INTO `forum_forums` VALUES ('EFF0CFF6-DAFC-57F1-83193226EF3D5418', 'Website Bugs', 'Please report any website bugs here.', '1', '0', 'ECB9ECD8-0353-0CB4-A3442B06553ED4FF', '0', null, null, null, '10000');
INSERT INTO `forum_forums` VALUES ('F258C5F6-A17F-B17B-F6A03A166ABCDB3F', 'Kegging', 'Discussions related to the kegging of beer.', '1', '0', 'ECB9ECD8-0353-0CB4-A3442B06553ED4FF', '0', null, null, null, '700');
INSERT INTO `forum_groups` VALUES ('AD0F29B5-BEED-B8BD-CAA9379711EBF168', 'forumsmember');
INSERT INTO `forum_groups` VALUES ('AD0F717C-AFE5-FD0E-77EB8FF5BDD858A2', 'forumsmoderator');
INSERT INTO `forum_groups` VALUES ('C18B1118-7E9B-AEC8-14E8DB3C21EFCA1D', 'forumsadmin');
INSERT INTO `forum_messages` VALUES ('FAF16EF1-F2CE-86DF-A368A17594EA4A32', 'Welcome to the Forums!', 'If you are new to brewing and need some help, post questions here.', '2012-02-29 22:26:25', '2012-03-01 13:47:24', 'beer', 'C41F2092-C251-86FE-56A2A7C27B02CC13', 'FAF1705C-D678-4832-328C45DA890AB047', 'specialty.jpg', '133BB9D9-9B2F-7C99-6AD16E485DD7AB08.jpg', 'FAF16EF2-FE89-4637-D4770CA7D4D4B278');
INSERT INTO `forum_messages` VALUES ('1EA307BF-F6B0-F839-CDD3C6E60C1885B6', 'RE: Welcome to the Forums!', 'Thanks so [i]much[/i], it means a lot to me.', '2012-03-01 15:04:32', '2012-03-01 16:56:41', 'beer', 'C41F2092-C251-86FE-56A2A7C27B02CC13', 'FAF1705C-D678-4832-328C45DA890AB047', '', '', '1EA307C0-D636-F9B6-10108BE7B9139954');
INSERT INTO `forum_messages` VALUES ('2A4830E0-EFB4-BC98-B973043601ACC79F', 'RE: Welcome to the Forums!', 'Another post?', '2012-03-01 20:30:10', null, '', 'C41F2092-C251-86FE-56A2A7C27B02CC13', 'FAF1705C-D678-4832-328C45DA890AB047', '', '', '2A4830E1-BE1F-D494-50A1692A5F98FFC8');
INSERT INTO `forum_permissions` VALUES ('F86AD673-C710-C324-9A3F1CCAF7F752D8', '7EA5070C-E788-7378-8930FA15EF58BBD2', 'ECB9ECD8-0353-0CB4-A3442B06553ED4FF', 'AD0F29B5-BEED-B8BD-CAA9379711EBF168');
INSERT INTO `forum_permissions` VALUES ('F86AD6A8-BCCB-C0F7-024533C126046039', '7EA5070D-CB58-72BA-2E4A3DFC0AE35F35', 'ECB9ECD8-0353-0CB4-A3442B06553ED4FF', 'C18B1118-7E9B-AEC8-14E8DB3C21EFCA1D');
INSERT INTO `forum_permissions` VALUES ('F86AD697-F20C-07CC-EEA498475B7BB7C9', '7EA5070D-CB58-72BA-2E4A3DFC0AE35F35', 'ECB9ECD8-0353-0CB4-A3442B06553ED4FF', 'AD0F29B5-BEED-B8BD-CAA9379711EBF168');
INSERT INTO `forum_permissions` VALUES ('F86AD6A0-A8EA-7530-7A54F6EF00E83296', '7EA5070D-CB58-72BA-2E4A3DFC0AE35F35', 'ECB9ECD8-0353-0CB4-A3442B06553ED4FF', 'AD0F717C-AFE5-FD0E-77EB8FF5BDD858A2');
INSERT INTO `forum_permissions` VALUES ('1338CE22-BEA4-F693-22E91A9B03C1A709', '7EA5070D-CB58-72BA-2E4A3DFC0AE35F35', 'ED26E68C-DE04-8BF8-7B0D59C59E40296D', 'C18B1118-7E9B-AEC8-14E8DB3C21EFCA1D');
INSERT INTO `forum_permissions` VALUES ('1338CE1B-EBBE-0932-B744C91F985CFD2A', '7EA5070D-CB58-72BA-2E4A3DFC0AE35F35', 'ED26E68C-DE04-8BF8-7B0D59C59E40296D', 'AD0F717C-AFE5-FD0E-77EB8FF5BDD858A2');
INSERT INTO `forum_permissions` VALUES ('F89E5AAD-D2C0-874C-195B0CF2339051CC', '7EA5070C-E788-7378-8930FA15EF58BBD2', 'ED32E09A-B3C0-D687-B2B5B5AC65FE5909', 'C18B1118-7E9B-AEC8-14E8DB3C21EFCA1D');
INSERT INTO `forum_permissions` VALUES ('F89E5AC9-EA8D-6844-925CA2ADD51ED404', '7EA5070D-CB58-72BA-2E4A3DFC0AE35F35', 'ED32E09A-B3C0-D687-B2B5B5AC65FE5909', 'C18B1118-7E9B-AEC8-14E8DB3C21EFCA1D');
INSERT INTO `forum_permissions` VALUES ('F89E5AC1-BB7C-2DA1-4677FCEEF77EB800', '7EA5070D-CB58-72BA-2E4A3DFC0AE35F35', 'ED32E09A-B3C0-D687-B2B5B5AC65FE5909', 'AD0F717C-AFE5-FD0E-77EB8FF5BDD858A2');
INSERT INTO `forum_permissions` VALUES ('F89F1034-A3D8-725F-46E9B607D19AB8B5', '7EA5070C-E788-7378-8930FA15EF58BBD2', 'ED7E3F46-DD8E-871F-4F32B10E3C0CC5D3', 'C18B1118-7E9B-AEC8-14E8DB3C21EFCA1D');
INSERT INTO `forum_permissions` VALUES ('F89F1090-C5E2-FB83-D972873592297797', '7EA5070D-CB58-72BA-2E4A3DFC0AE35F35', 'ED7E3F46-DD8E-871F-4F32B10E3C0CC5D3', 'C18B1118-7E9B-AEC8-14E8DB3C21EFCA1D');
INSERT INTO `forum_permissions` VALUES ('F89F1083-9441-72BA-CA17F269EA2F15FF', '7EA5070D-CB58-72BA-2E4A3DFC0AE35F35', 'ED7E3F46-DD8E-871F-4F32B10E3C0CC5D3', 'AD0F717C-AFE5-FD0E-77EB8FF5BDD858A2');
INSERT INTO `forum_permissions` VALUES ('EF75D9A1-03DE-B6F5-E4A2069397F0C3F6', '7EA5070C-E788-7378-8930FA15EF58BBD2', 'EF1A0FD5-95D3-61EE-D694F99D1FA396E9', 'AD0F29B5-BEED-B8BD-CAA9379711EBF168');
INSERT INTO `forum_permissions` VALUES ('EF75DA1E-B52C-8963-1275B5F5C32ECDB7', '7EA5070D-CB58-72BA-2E4A3DFC0AE35F35', 'EF1A0FD5-95D3-61EE-D694F99D1FA396E9', 'C18B1118-7E9B-AEC8-14E8DB3C21EFCA1D');
INSERT INTO `forum_permissions` VALUES ('EF75DA15-FB8F-52A8-8BA89E1A301EBAA4', '7EA5070D-CB58-72BA-2E4A3DFC0AE35F35', 'EF1A0FD5-95D3-61EE-D694F99D1FA396E9', 'AD0F717C-AFE5-FD0E-77EB8FF5BDD858A2');
INSERT INTO `forum_permissions` VALUES ('F7A386ED-9ABA-5634-D9EBC7B3C20EB036', '7EA5070C-E788-7378-8930FA15EF58BBD2', 'EF3A5273-EFC3-8D0E-174F385303E377D3', 'AD0F29B5-BEED-B8BD-CAA9379711EBF168');
INSERT INTO `forum_permissions` VALUES ('F7A387BF-AB59-DB19-BAD1CD0BD858D1BC', '7EA5070D-CB58-72BA-2E4A3DFC0AE35F35', 'EF3A5273-EFC3-8D0E-174F385303E377D3', 'C18B1118-7E9B-AEC8-14E8DB3C21EFCA1D');
INSERT INTO `forum_permissions` VALUES ('F7A387B7-E4ED-349D-5A477152A43DE0FD', '7EA5070D-CB58-72BA-2E4A3DFC0AE35F35', 'EF3A5273-EFC3-8D0E-174F385303E377D3', 'AD0F717C-AFE5-FD0E-77EB8FF5BDD858A2');
INSERT INTO `forum_permissions` VALUES ('F7A45A8B-C3CE-11C7-E5D6E69754869A3C', '7EA5070C-E788-7378-8930FA15EF58BBD2', 'EFBC7158-CE90-88A5-42ED1794F5FB074B', 'AD0F29B5-BEED-B8BD-CAA9379711EBF168');
INSERT INTO `forum_permissions` VALUES ('F7A45AB6-FD6C-A29F-4DC057C65B88D944', '7EA5070D-CB58-72BA-2E4A3DFC0AE35F35', 'EFBC7158-CE90-88A5-42ED1794F5FB074B', 'C18B1118-7E9B-AEC8-14E8DB3C21EFCA1D');
INSERT INTO `forum_permissions` VALUES ('F7A45AAE-D166-F8CA-F6FA35F5AF36F954', '7EA5070D-CB58-72BA-2E4A3DFC0AE35F35', 'EFBC7158-CE90-88A5-42ED1794F5FB074B', 'AD0F717C-AFE5-FD0E-77EB8FF5BDD858A2');
INSERT INTO `forum_permissions` VALUES ('F7A526CF-0532-6C09-43F257C24F400FDA', '7EA5070C-E788-7378-8930FA15EF58BBD2', 'EFCCB843-0C51-094B-17EC83E736DAF34F', 'AD0F29B5-BEED-B8BD-CAA9379711EBF168');
INSERT INTO `forum_permissions` VALUES ('F7A52708-B18F-02A8-5C50CDDE1422E356', '7EA5070D-CB58-72BA-2E4A3DFC0AE35F35', 'EFCCB843-0C51-094B-17EC83E736DAF34F', 'C18B1118-7E9B-AEC8-14E8DB3C21EFCA1D');
INSERT INTO `forum_permissions` VALUES ('F7A52700-B011-2FD8-2142DDBB11C299CA', '7EA5070D-CB58-72BA-2E4A3DFC0AE35F35', 'EFCCB843-0C51-094B-17EC83E736DAF34F', 'AD0F717C-AFE5-FD0E-77EB8FF5BDD858A2');
INSERT INTO `forum_permissions` VALUES ('F7A78B93-9BA6-DC11-33BA1F68E991D12B', '7EA5070B-9774-E11E-96E727122408C03C', 'EFF0CFF6-DAFC-57F1-83193226EF3D5418', 'AD0F29B5-BEED-B8BD-CAA9379711EBF168');
INSERT INTO `forum_permissions` VALUES ('F7A78BAB-97DA-1225-AFB97EC4565149AF', '7EA5070C-E788-7378-8930FA15EF58BBD2', 'EFF0CFF6-DAFC-57F1-83193226EF3D5418', 'AD0F29B5-BEED-B8BD-CAA9379711EBF168');
INSERT INTO `forum_permissions` VALUES ('F7A78C88-FFD8-A010-9552EAF2C84CDBB8', '7EA5070D-CB58-72BA-2E4A3DFC0AE35F35', 'EFF0CFF6-DAFC-57F1-83193226EF3D5418', 'C18B1118-7E9B-AEC8-14E8DB3C21EFCA1D');
INSERT INTO `forum_permissions` VALUES ('F7A78BDC-0872-6DDE-2A12EF12016B6F75', '7EA5070D-CB58-72BA-2E4A3DFC0AE35F35', 'EFF0CFF6-DAFC-57F1-83193226EF3D5418', 'AD0F717C-AFE5-FD0E-77EB8FF5BDD858A2');
INSERT INTO `forum_permissions` VALUES ('F7A6DBAF-C978-91B9-EDAE334F8892CB54', '7EA5070C-E788-7378-8930FA15EF58BBD2', 'F258C5F6-A17F-B17B-F6A03A166ABCDB3F', 'AD0F29B5-BEED-B8BD-CAA9379711EBF168');
INSERT INTO `forum_permissions` VALUES ('F7A6DBE7-0184-AC87-FD4E048101E55AB9', '7EA5070D-CB58-72BA-2E4A3DFC0AE35F35', 'F258C5F6-A17F-B17B-F6A03A166ABCDB3F', 'C18B1118-7E9B-AEC8-14E8DB3C21EFCA1D');
INSERT INTO `forum_permissions` VALUES ('F7A6DBDF-E84F-3833-1E57B2208BAAA46A', '7EA5070D-CB58-72BA-2E4A3DFC0AE35F35', 'F258C5F6-A17F-B17B-F6A03A166ABCDB3F', 'AD0F717C-AFE5-FD0E-77EB8FF5BDD858A2');
INSERT INTO `forum_permissions` VALUES ('F86AD684-ED1A-429A-DF3820F860160FFD', '7EA5070C-E788-7378-8930FA15EF58BBD2', 'ECB9ECD8-0353-0CB4-A3442B06553ED4FF', 'C18B1118-7E9B-AEC8-14E8DB3C21EFCA1D');
INSERT INTO `forum_permissions` VALUES ('F86AD67C-E31C-80A2-1D72C6D810408E1C', '7EA5070C-E788-7378-8930FA15EF58BBD2', 'ECB9ECD8-0353-0CB4-A3442B06553ED4FF', 'AD0F717C-AFE5-FD0E-77EB8FF5BDD858A2');
INSERT INTO `forum_permissions` VALUES ('F89E5AA5-CC07-DCEF-1133D1F9E8259CD5', '7EA5070C-E788-7378-8930FA15EF58BBD2', 'ED32E09A-B3C0-D687-B2B5B5AC65FE5909', 'AD0F717C-AFE5-FD0E-77EB8FF5BDD858A2');
INSERT INTO `forum_permissions` VALUES ('F89E5A9D-BCE7-D7C3-2F0640F749E98301', '7EA5070C-E788-7378-8930FA15EF58BBD2', 'ED32E09A-B3C0-D687-B2B5B5AC65FE5909', 'AD0F29B5-BEED-B8BD-CAA9379711EBF168');
INSERT INTO `forum_permissions` VALUES ('F89F102A-B176-9F85-2420A2EBE680E0C2', '7EA5070C-E788-7378-8930FA15EF58BBD2', 'ED7E3F46-DD8E-871F-4F32B10E3C0CC5D3', 'AD0F717C-AFE5-FD0E-77EB8FF5BDD858A2');
INSERT INTO `forum_permissions` VALUES ('F89F1020-9611-137D-B780557CD271F7FE', '7EA5070C-E788-7378-8930FA15EF58BBD2', 'ED7E3F46-DD8E-871F-4F32B10E3C0CC5D3', 'AD0F29B5-BEED-B8BD-CAA9379711EBF168');
INSERT INTO `forum_permissions` VALUES ('F7A386F7-E40A-2C29-6F8FBE511F511EB4', '7EA5070C-E788-7378-8930FA15EF58BBD2', 'EF3A5273-EFC3-8D0E-174F385303E377D3', 'AD0F717C-AFE5-FD0E-77EB8FF5BDD858A2');
INSERT INTO `forum_permissions` VALUES ('F7A38700-ACB8-2829-5164527EB0F74803', '7EA5070C-E788-7378-8930FA15EF58BBD2', 'EF3A5273-EFC3-8D0E-174F385303E377D3', 'C18B1118-7E9B-AEC8-14E8DB3C21EFCA1D');
INSERT INTO `forum_permissions` VALUES ('F7A45A93-0A5A-7625-C517655E15951492', '7EA5070C-E788-7378-8930FA15EF58BBD2', 'EFBC7158-CE90-88A5-42ED1794F5FB074B', 'AD0F717C-AFE5-FD0E-77EB8FF5BDD858A2');
INSERT INTO `forum_permissions` VALUES ('F7A45A9B-DBF7-8D21-D24292B81DCD8A5D', '7EA5070C-E788-7378-8930FA15EF58BBD2', 'EFBC7158-CE90-88A5-42ED1794F5FB074B', 'C18B1118-7E9B-AEC8-14E8DB3C21EFCA1D');
INSERT INTO `forum_permissions` VALUES ('F7A526DC-CB9E-28BB-D0C5D86874D969A3', '7EA5070C-E788-7378-8930FA15EF58BBD2', 'EFCCB843-0C51-094B-17EC83E736DAF34F', 'AD0F717C-AFE5-FD0E-77EB8FF5BDD858A2');
INSERT INTO `forum_permissions` VALUES ('F7A526EA-0093-1271-885FCA981C763B6F', '7EA5070C-E788-7378-8930FA15EF58BBD2', 'EFCCB843-0C51-094B-17EC83E736DAF34F', 'C18B1118-7E9B-AEC8-14E8DB3C21EFCA1D');
INSERT INTO `forum_permissions` VALUES ('F7A6DBBE-C86C-9BB1-EF59E00E7D8BCFE7', '7EA5070C-E788-7378-8930FA15EF58BBD2', 'F258C5F6-A17F-B17B-F6A03A166ABCDB3F', 'AD0F717C-AFE5-FD0E-77EB8FF5BDD858A2');
INSERT INTO `forum_permissions` VALUES ('F7A6DBCA-E2B0-215A-47A574D9AA2629D8', '7EA5070C-E788-7378-8930FA15EF58BBD2', 'F258C5F6-A17F-B17B-F6A03A166ABCDB3F', 'C18B1118-7E9B-AEC8-14E8DB3C21EFCA1D');
INSERT INTO `forum_permissions` VALUES ('F7A78BB7-A045-B67A-04553E6B1A3955DF', '7EA5070C-E788-7378-8930FA15EF58BBD2', 'EFF0CFF6-DAFC-57F1-83193226EF3D5418', 'AD0F717C-AFE5-FD0E-77EB8FF5BDD858A2');
INSERT INTO `forum_permissions` VALUES ('F7A78BC5-DB3B-FEEE-8415BB358CD1828C', '7EA5070C-E788-7378-8930FA15EF58BBD2', 'EFF0CFF6-DAFC-57F1-83193226EF3D5418', 'C18B1118-7E9B-AEC8-14E8DB3C21EFCA1D');
INSERT INTO `forum_permissions` VALUES ('1338CE07-CBC7-396F-334B389EFCEB56CF', '7EA5070C-E788-7378-8930FA15EF58BBD2', 'ED26E68C-DE04-8BF8-7B0D59C59E40296D', 'C18B1118-7E9B-AEC8-14E8DB3C21EFCA1D');
INSERT INTO `forum_permissions` VALUES ('1338CDFF-9119-2B8B-9B82B6F33E4FCCCA', '7EA5070C-E788-7378-8930FA15EF58BBD2', 'ED26E68C-DE04-8BF8-7B0D59C59E40296D', 'AD0F717C-AFE5-FD0E-77EB8FF5BDD858A2');
INSERT INTO `forum_permissions` VALUES ('1338CD9C-A2D3-ABA7-F74F7C08794951CA', '7EA5070C-E788-7378-8930FA15EF58BBD2', 'ED26E68C-DE04-8BF8-7B0D59C59E40296D', 'AD0F29B5-BEED-B8BD-CAA9379711EBF168');
INSERT INTO `forum_privatemessages` VALUES ('55537F57-CB11-2B3F-A6BA6CC779ECBB6A', '2D309961-FF1B-6C7A-4B722F376841E075', 'C41F2092-C251-86FE-56A2A7C27B02CC13', '2012-03-02 16:33:51', 'Thanks.', 'Hey', '0');
INSERT INTO `forum_ranks` VALUES ('0E6C13A6-0FD0-3785-9B48754C3E8D7408', 'Pot Scrubber', '0');
INSERT INTO `forum_rights` VALUES ('7EA5070B-9774-E11E-96E727122408C03C', 'CanView');
INSERT INTO `forum_rights` VALUES ('7EA5070C-E788-7378-8930FA15EF58BBD2', 'CanPost');
INSERT INTO `forum_rights` VALUES ('7EA5070D-CB58-72BA-2E4A3DFC0AE35F35', 'CanEdit');
INSERT INTO `forum_search_log` VALUES ('much', '2012-03-01 22:32:15');
INSERT INTO `forum_search_log` VALUES ('much', '2012-03-01 22:32:48');
INSERT INTO `forum_search_log` VALUES ('much', '2012-03-01 22:33:13');
INSERT INTO `forum_search_log` VALUES ('much', '2012-03-01 22:34:15');
INSERT INTO `forum_search_log` VALUES ('much', '2012-03-01 22:34:41');
INSERT INTO `forum_search_log` VALUES ('much', '2012-03-01 22:35:51');
INSERT INTO `forum_search_log` VALUES ('much', '2012-03-01 22:36:47');
INSERT INTO `forum_search_log` VALUES ('much', '2012-03-01 22:37:30');
INSERT INTO `forum_search_log` VALUES ('much', '2012-03-01 22:37:54');
INSERT INTO `forum_search_log` VALUES ('much', '2012-03-01 22:39:23');
INSERT INTO `forum_search_log` VALUES ('much', '2012-03-01 22:39:37');
INSERT INTO `forum_search_log` VALUES ('to', '2012-03-01 22:39:46');
INSERT INTO `forum_search_log` VALUES ('to', '2012-03-01 22:42:02');
INSERT INTO `forum_search_log` VALUES ('to', '2012-03-01 22:43:01');
INSERT INTO `forum_search_log` VALUES ('to', '2012-03-01 22:43:27');
INSERT INTO `forum_search_log` VALUES ('to', '2012-03-01 22:44:29');
INSERT INTO `forum_search_log` VALUES ('to', '2012-03-01 22:45:08');
INSERT INTO `forum_search_log` VALUES ('to', '2012-03-01 22:46:17');
INSERT INTO `forum_search_log` VALUES ('to', '2012-03-01 22:46:34');
INSERT INTO `forum_search_log` VALUES ('to', '2012-03-01 22:46:53');
INSERT INTO `forum_search_log` VALUES ('to', '2012-03-01 22:47:35');
INSERT INTO `forum_search_log` VALUES ('to', '2012-03-01 22:48:18');
INSERT INTO `forum_search_log` VALUES ('to', '2012-03-01 22:49:05');
INSERT INTO `forum_search_log` VALUES ('to', '2012-03-01 22:50:02');
INSERT INTO `forum_search_log` VALUES ('to', '2012-03-01 22:50:42');
INSERT INTO `forum_search_log` VALUES ('to', '2012-03-01 22:52:37');
INSERT INTO `forum_search_log` VALUES ('to', '2012-03-01 22:53:01');
INSERT INTO `forum_search_log` VALUES ('to', '2012-03-01 22:54:04');
INSERT INTO `forum_search_log` VALUES ('to', '2012-03-01 22:54:31');
INSERT INTO `forum_search_log` VALUES ('to', '2012-03-01 22:54:50');
INSERT INTO `forum_search_log` VALUES ('to', '2012-03-01 22:55:12');
INSERT INTO `forum_search_log` VALUES ('to', '2012-03-01 22:55:24');
INSERT INTO `forum_search_log` VALUES ('to', '2012-03-01 22:56:41');
INSERT INTO `forum_search_log` VALUES ('to', '2012-03-01 22:57:06');
INSERT INTO `forum_search_log` VALUES ('to', '2012-03-01 22:57:28');
INSERT INTO `forum_search_log` VALUES ('to', '2012-03-01 22:57:47');
INSERT INTO `forum_search_log` VALUES ('to', '2012-03-01 22:58:00');
INSERT INTO `forum_search_log` VALUES ('to', '2012-03-01 22:58:39');
INSERT INTO `forum_search_log` VALUES ('to', '2012-03-01 22:58:48');
INSERT INTO `forum_search_log` VALUES ('to', '2012-03-01 22:59:03');
INSERT INTO `forum_search_log` VALUES ('to', '2012-03-02 17:03:52');
INSERT INTO `forum_search_log` VALUES ('to', '2012-03-02 17:05:15');
INSERT INTO `forum_search_log` VALUES ('to', '2012-03-02 17:05:44');
INSERT INTO `forum_search_log` VALUES ('to', '2012-03-02 17:06:37');
INSERT INTO `forum_search_log` VALUES ('to', '2012-03-02 17:07:02');
INSERT INTO `forum_subscriptions` VALUES ('C6468F65-F5C4-D038-939A9745D4F9085C', '77F9833E-C8AC-2F31-9A80617D3EB8FEA2', 'FAF1705C-D678-4832-328C45DA890AB047', null, null);
INSERT INTO `forum_subscriptions` VALUES ('C6508206-EE95-6F9A-E348B72AD971441F', '77F9833E-C8AC-2F31-9A80617D3EB8FEA2', null, null, 'ECB9ECD8-0353-0CB4-A3442B06553ED4FF');
INSERT INTO `forum_threads` VALUES ('FAF1705C-D678-4832-328C45DA890AB047', 'Welcome to the Forums!', '1', 'C41F2092-C251-86FE-56A2A7C27B02CC13', 'ED26E68C-DE04-8BF8-7B0D59C59E40296D', '2012-02-29 22:26:25', '0', '3', 'C41F2092-C251-86FE-56A2A7C27B02CC13', '2012-03-01 20:30:10');
INSERT INTO `forum_users` VALUES ('C189C5AC-7E9B-AEC8-1DAEEEA03A562CF0', 'admin', '21232F297A57A5A743894A0E4A801FC3', 'admin@localhost.com', '', '2005-01-29 12:00:00', '1', '');
INSERT INTO `forum_users` VALUES ('C41F2092-C251-86FE-56A2A7C27B02CC13', 'beer', '21232F297A57A5A743894A0E4A801FC3', 'rust1d@usa.net', 'Hop to it.', '2012-02-28 20:54:03', '0', 'C70F0036-D50E-FB13-044216E254C8D880.jpg');
INSERT INTO `forum_users` VALUES ('77F9833E-C8AC-2F31-9A80617D3EB8FEA2', 'hophead', '', 'rust1d@usa.net', 'I have a signature!', '2012-03-03 08:42:44', '0', 'C5EA09FD-E648-7B9D-7DD7D79746C0035E.png');
INSERT INTO `forum_users_groups` VALUES ('C189C5AC-7E9B-AEC8-1DAEEEA03A562CF0', 'C18B1118-7E9B-AEC8-14E8DB3C21EFCA1D');
INSERT INTO `forum_users_groups` VALUES ('C41F2092-C251-86FE-56A2A7C27B02CC13', 'C18B1118-7E9B-AEC8-14E8DB3C21EFCA1D');
INSERT INTO `forum_users_groups` VALUES ('2D309961-FF1B-6C7A-4B722F376841E075', 'AD0F29B5-BEED-B8BD-CAA9379711EBF168');
INSERT INTO `forum_users_groups` VALUES ('72A67454-082B-1823-2D0D70A2C207FBB8', 'AD0F29B5-BEED-B8BD-CAA9379711EBF168');
INSERT INTO `forum_users_groups` VALUES ('756B70F1-0B8E-0ED6-514A300AC26F6CD8', 'AD0F29B5-BEED-B8BD-CAA9379711EBF168');
INSERT INTO `forum_users_groups` VALUES ('77F9833E-C8AC-2F31-9A80617D3EB8FEA2', 'AD0F29B5-BEED-B8BD-CAA9379711EBF168');
